{
  "rms_reprojection_error": 1.0146481979603237,
  "camera_matrix": [
    [
      1381.2786653297308,
      0.0,
      905.2622240040273
    ],
    [
      0.0,
      1377.2048212323803,
      525.6968864721214
    ],
    [
      0.0,
      0.0,
      1.0
    ]
  ],
  "dist_coeffs": [
    -0.03569062076522076,
    -0.45818323209534584,
    0.00502862857458111,
    -0.0023682788854905564,
    3.3155782304419974
  ],
  "image_size": {
    "width": 1800,
    "height": 1013
  },
  "board": {
    "rows": 11,
    "cols": 8,
    "square_mm": 20.0,
    "marker_mm": 15.0,
    "dictionary": "DICT_4X4_50"
  },
  "used_images": [
    "20260129_161646.jpg",
    "20260129_161648.jpg",
    "20260129_161650.jpg",
    "20260129_161653.jpg",
    "20260129_161657.jpg",
    "20260129_161659.jpg",
    "20260129_161700.jpg",
    "20260129_161703.jpg",
    "20260129_161707.jpg",
    "20260129_161708.jpg",
    "20260129_161710.jpg",
    "20260129_161712.jpg",
    "20260129_161716.jpg",
    "20260129_161717.jpg",
    "20260129_161719.jpg",
    "20260129_161721.jpg",
    "20260129_161724.jpg",
    "20260129_161726.jpg",
    "20260129_161728.jpg",
    "20260129_161731.jpg",
    "20260129_161736.jpg",
    "20260129_161738.jpg",
    "20260129_161741.jpg",
    "20260129_161745.jpg",
    "20260129_161747.jpg",
    "20260129_161749.jpg",
    "20260129_161753.jpg",
    "20260129_161756.jpg",
    "20260129_161759.jpg",
    "20260129_161802.jpg"
  ],
  "num_views": 30,
  "rejected_images": [],
  "method": "charuco_standard"
}