{
  "inputs": {
    "top_image": "test_images/rock_centered_1.jpg",
    "side_image": "test_images/rock_centered_2.jpg",
    "reference_real_size_cm": 10.0,
    "density_min_g_cm3": 2.5,
    "density_max_g_cm3": 3.0
  },
  "scale": {
    "mode": "auto_stereo_dual_view",
    "reference_real_size_cm": 10.0,
    "volume_method": "adaptive_area",
    "shape_factor": 0.8128848521783175,
    "segmentation_method": "SAM_center_prompt"
  },
  "dimensions_cm": {
    "L": 3.5355075129033326,
    "W": 1.7097852304993424,
    "H": 2.166858554210053
  },
  "volume_cm3": 8.683688673060898,
  "mass_range": {
    "min_g": 21.709221682652245,
    "max_g": 26.05106601918269,
    "min_kg": 0.021709221682652245,
    "max_kg": 0.02605106601918269
  },
  "model": "adaptive_area"
}